Workbook

Sheet Assumptions
A1: Assumptions & Methodology
A3: Key Input Assumptions
A4: Risk-Free Rate (10-Yr India G-Sec Yield) | B4: 0.0695 | C4: Source: Trading Economics, India 10-Year Government Bond Yield, ~Aug 2026. Editable input - update as needed.
A5: Trading Days per Year | B5: 252 | C5: Standard NSE trading-day convention used to annualize daily figures.
A7: Data Source | C7: NAV and benchmark data sourced from investing.com. Risk-free rate (10-Year India G-Sec yield) sourced from Investing.com
C8: The analysis uses 1,204 common daily trading observations (~4.8 years) rather than a strict calendar 5-year window
A9: Methodology Notes
A10: Annualized Return (CAGR) | B10: Geometric compounding of price levels from 'Raw Data': (Latest Price / Oldest Price)^(Trading Days per Year / N) - 1, where N = number of valid daily return observations.
A11: Daily Std Dev | B11: Sample standard deviation (STDEV) of the daily return series in 'Raw Data'.
A12: Annualized Std Dev (Risk) | B12: Daily Std Dev x SQRT(Trading Days per Year).
A13: Beta | B13: Slope of fund daily returns regressed on NIFTY500 TRI daily returns (SLOPE function), computed over the aligned 'Raw Data' series.
A14: Sharpe Ratio | B14: (Annualized Return - Risk-Free Rate) / Annualized Std Dev.
A15: Treynor Ratio | B15: (Annualized Return - Risk-Free Rate) / Beta.
A16: Jensen's Alpha | B16: Annualized Return - [Risk-Free Rate + Beta x (Benchmark Annualized Return - Risk-Free Rate)] (CAPM-expected return).

Sheet Comparison
A1: Fund Comparison Table
A2: Particulars | B2: ICICI Prudential Multicap | C2: Quant Active Fund | D2: Nippon India Multi Cap | E2: NIFTY500 TRI (Benchmark)
A3: ANNUALISED RETURN | B3: ='ICICI PRUDENTIAL MULTICAP FUND'!F5 -> 0.15808744 | C3: ='QUANT ACTIVE FUND'!F5 -> 0.1180642 | D3: ='NIPPON INDIA '!F5 -> 0.17800097 | E3: ='NIFTY500 TRI'!F5 -> 0.11465384
A4: ANNUALISED RISK | B4: ='ICICI PRUDENTIAL MULTICAP FUND'!F7 -> 0.1373718 | C4: ='QUANT ACTIVE FUND'!F7 -> 0.17577505 | D4: ='NIPPON INDIA '!F7 -> 0.14737393 | E4: ='NIFTY500 TRI'!F7 -> 0.14384268
A5: BETA | B5: ='ICICI PRUDENTIAL MULTICAP FUND'!F8 -> 0.91411262 | C5: ='QUANT ACTIVE FUND'!F8 -> 1.0969279 | D5: ='NIPPON INDIA '!F8 -> 0.97180578 | E5: 1
A6: SHARPE RATIO | B6: ='ICICI PRUDENTIAL MULTICAP FUND'!F9 -> 0.64487356 | C6: ='QUANT ACTIVE FUND'!F9 -> 0.27628608 | D6: ='NIPPON INDIA '!F9 -> 0.73622902 | E6: ='NIFTY500 TRI'!F8 -> 0.31391132
A7: TREYNOR RATIO | B7: ='ICICI PRUDENTIAL MULTICAP FUND'!F10 -> 0.096910858 | C7: ='QUANT ACTIVE FUND'!F10 -> 0.044272917 | D7: ='NIPPON INDIA '!F10 -> 0.11164882 | E7: N/A
A8: JENSEN ALPHA | B8: ='ICICI PRUDENTIAL MULTICAP FUND'!F11 -> 0.04731174 | C8: ='QUANT ACTIVE FUND'!F11 -> -0.00096631339 | D8: ='NIPPON INDIA '!F11 -> 0.064620201 | E8: 0

Sheet Raw Data
A1: Date | B1: ICICI Prudential Multicap - Price | C1: ICICI Prudential Multicap - Return | D1: Quant Active Fund - Price | E1: Quant Active Fund - Return | F1: Nippon India Multi Cap - Price | G1: Nippon India Multi Cap - Return | H1: NIFTY500 TRI - Price | I1: NIFTY500 TRI - Return
A2: ='ICICI PRUDENTIAL MULTICAP FUND'!A2 -> 46265 | B2: ='ICICI PRUDENTIAL MULTICAP FUND'!B2 -> 875.33 | C2: =(B2-B3)/B3 -> -0.0032793979 | D2: ='QUANT ACTIVE FUND'!B2 -> 663.674 | E2: =(D2-D3)/D3 -> -0.0072592431 | F2: ='NIPPON INDIA '!B2 -> 304.304 | G2: =(F2-F3)/F3 -> 0.00054580486 | H2: ='NIFTY500 TRI'!B2 -> 37712 | I2: =(H2-H3)/H3 -> -0.0033220835
A3: ='ICICI PRUDENTIAL MULTICAP FUND'!A3 -> 46262 | B3: ='ICICI PRUDENTIAL MULTICAP FUND'!B3 -> 878.21 | C3: =(B3-B4)/B4 -> -0.00039837917 | D3: ='QUANT ACTIVE FUND'!B3 -> 668.527 | E3: =(D3-D4)/D4 -> 0.00024088598 | F3: ='NIPPON INDIA '!B3 -> 304.138 | G3: =(F3-F4)/F4 -> -0.00096573291 | H3: ='NIFTY500 TRI'!B3 -> 37837.7 | I3: =(H3-H4)/H4 -> 0.002002538
A4: ='ICICI PRUDENTIAL MULTICAP FUND'!A4 -> 46261 | B4: ='ICICI PRUDENTIAL MULTICAP FUND'!B4 -> 878.56 | C4: =(B4-B5)/B5 -> -0.0025771148 | D4: ='QUANT ACTIVE FUND'!B4 -> 668.366 | E4: =(D4-D5)/D5 -> 0.0064328243 | F4: ='NIPPON INDIA '!B4 -> 304.432 | G4: =(F4-F5)/F5 -> -0.0041087645 | H4: ='NIFTY500 TRI'!B4 -> 37762.08 | I4: =(H4-H5)/H5 -> -0.0032469238
A5: ='ICICI PRUDENTIAL MULTICAP FUND'!A5 -> 46260 | B5: ='ICICI PRUDENTIAL MULTICAP FUND'!B5 -> 880.83 | C5: =(B5-B6)/B6 -> 0.0047910749 | D5: ='QUANT ACTIVE FUND'!B5 -> 664.094 | E5: =(D5-D6)/D6 -> 7.5291113e-06 | F5: ='NIPPON INDIA '!B5 -> 305.688 | G5: =(F5-F6)/F6 -> -0.00091839369 | H5: ='NIFTY500 TRI'!B5 -> 37885.09 | I5: =(H5-H6)/H6 -> -0.0022194211
A6: ='ICICI PRUDENTIAL MULTICAP FUND'!A6 -> 46259 | B6: ='ICICI PRUDENTIAL MULTICAP FUND'!B6 -> 876.63 | C6: =(B6-B7)/B7 -> 0.0026191184 | D6: ='QUANT ACTIVE FUND'!B6 -> 664.089 | E6: =(D6-D7)/D7 -> 0.0057032695 | F6: ='NIPPON INDIA '!B6 -> 305.969 | G6: =(F6-F7)/F7 -> 0.001807365 | H6: ='NIFTY500 TRI'!B6 -> 37969.36 | I6: =(H6-H7)/H7 -> 0.004250349
A7: ='ICICI PRUDENTIAL MULTICAP FUND'!A7 -> 46258 | B7: ='ICICI PRUDENTIAL MULTICAP FUND'!B7 -> 874.34 | C7: =(B7-B8)/B8 -> 0.0018562655 | D7: ='QUANT ACTIVE FUND'!B7 -> 660.323 | E7: =(D7-D8)/D8 -> -0.0015332576 | F7: ='NIPPON INDIA '!B7 -> 305.417 | G7: =(F7-F8)/F8 -> -0.00093554856 | H7: ='NIFTY500 TRI'!B7 -> 37808.66 | I7: =(H7-H8)/H8 -> -0.00077937214
A8: ='ICICI PRUDENTIAL MULTICAP FUND'!A8 -> 46255 | B8: ='ICICI PRUDENTIAL MULTICAP FUND'!B8 -> 872.72 | C8: =(B8-B9)/B9 -> 0.0019632381 | D8: ='QUANT ACTIVE FUND'!B8 -> 661.337 | E8: =(D8-D9)/D9 -> 0.0045493072 | F8: ='NIPPON INDIA '!B8 -> 305.703 | G8: =(F8-F9)/F9 -> 0.0020059589 | H8: ='NIFTY500 TRI'!B8 -> 37838.15 | I8: =(H8-H9)/H9 -> 0.00077150984
A9: ='ICICI PRUDENTIAL MULTICAP FUND'!A9 -> 46254 | B9: ='ICICI PRUDENTIAL MULTICAP FUND'!B9 -> 871.01 | C9: =(B9-B10)/B10 -> 0.0052396505 | D9: ='QUANT ACTIVE FUND'!B9 -> 658.342 | E9: =(D9-D10)/D10 -> 0.0024988541 | F9: ='NIPPON INDIA '!B9 -> 305.091 | G9: =(F9-F10)/F10 -> 0.0062500825 | H9: ='NIFTY500 TRI'!B9 -> 37808.98 | I9: =(H9-H10)/H10 -> 0.0054229419
A10: ='ICICI PRUDENTIAL MULTICAP FUND'!A10 -> 46253 | B10: ='ICICI PRUDENTIAL MULTICAP FUND'!B10 -> 866.47 | C10: =(B10-B11)/B11 -> -0.0058629156 | D10: ='QUANT ACTIVE FUND'!B10 -> 656.701 | E10: =(D10-D11)/D11 -> -0.0041731556 | F10: ='NIPPON INDIA '!B10 -> 303.196 | G10: =(F10-F11)/F11 -> -0.0046550717 | H10: ='NIFTY500 TRI'!B10 -> 37605.05 | I10: =(H10-H11)/H11 -> -0.0036671254
A11: ='ICICI PRUDENTIAL MULTICAP FUND'!A11 -> 46252 | B11: ='ICICI PRUDENTIAL MULTICAP FUND'!B11 -> 871.58 | C11: =(B11-B12)/B12 -> -0.0015579536 | D11: ='QUANT ACTIVE FUND'!B11 -> 659.453 | E11: =(D11-D12)/D12 -> -0.0025757915 | F11: ='NIPPON INDIA '!B11 -> 304.614 | G11: =(F11-F12)/F12 -> -0.0046595216 | H11: ='NIFTY500 TRI'!B11 -> 37743.46 | I11: =(H11-H12)/H12 -> -0.003895378
A12: ='ICICI PRUDENTIAL MULTICAP FUND'!A12 -> 46251 | B12: ='ICICI PRUDENTIAL MULTICAP FUND'!B12 -> 872.94 | C12: =(B12-B13)/B13 -> 0.0025956723 | D12: ='QUANT ACTIVE FUND'!B12 -> 661.156 | E12: =(D12-D13)/D13 -> -0.0020693496 | F12: ='NIPPON INDIA '!B12 -> 306.04 | G12: =(F12-F13)/F13 -> -0.0018329952 | H12: ='NIFTY500 TRI'!B12 -> 37891.06 | I12: =(H12-H13)/H13 -> -0.0012770328
A13: ='ICICI PRUDENTIAL MULTICAP FUND'!A13 -> 46248 | B13: ='ICICI PRUDENTIAL MULTICAP FUND'!B13 -> 870.68 | C13: =(B13-B14)/B14 -> -0.0041290647 | D13: ='QUANT ACTIVE FUND'!B13 -> 662.527 | E13: =(D13-D14)/D14 -> 0.00025061862 | F13: ='NIPPON INDIA '!B13 -> 306.602 | G13: =(F13-F14)/F14 -> -0.0029592341 | H13: ='NIFTY500 TRI'!B13 -> 37939.51 | I13: =(H13-H14)/H14 -> -0.0025947593
... A1205: ='ICICI PRUDENTIAL MULTICAP FUND'!A1205 -> 44442 | B1205: ='ICICI PRUDENTIAL MULTICAP FUND'!B1205 -> 435.69 | C1205: =(B1205-B1206)/B1206 -> 0.0035702769 | D1205: ='QUANT ACTIVE FUND'!B1205 -> 394.668 | E1205: =(D1205-D1206)/D1206 -> 0.013538917 | F1205: ='NIPPON INDIA '!B1205 -> 140.18 | G1205: =(F1205-F1206)/F1206 -> 0.0076193214 | H1205: ='NIFTY500 TRI'!B1205 -> 22566.65 | I1205: =(H1205-H1206)/H1206 -> 0.0051064493
A1206: ='ICICI PRUDENTIAL MULTICAP FUND'!A1206 -> 44441 | B1206: ='ICICI PRUDENTIAL MULTICAP FUND'!B1206 -> 434.14 | C1206: - | D1206: ='QUANT ACTIVE FUND'!B1206 -> 389.396 | F1206: ='NIPPON INDIA '!B1206 -> 139.12 | H1206: ='NIFTY500 TRI'!B1206 -> 22452

Sheet ICICI PRUDENTIAL MULTICAP FUND
A1: Date | B1: Price | C1: RETURNS | E1: Fund Performance Metrics
A2: 46265 | B2: 875.33 | C2: =(B2-B3)/B3 -> -0.0032793979 | E2: Trading Days per Year | F2: =Assumptions!$B$5 -> 252
A3: 46262 | B3: 878.21 | C3: =(B3-B4)/B4 -> -0.00039837917 | E3: Risk-Free Rate (10Y G-Sec) | F3: =Assumptions!$B$4 -> 0.0695
A4: 46261 | B4: 878.56 | C4: =(B4-B5)/B5 -> -0.0025771148 | E4: N (Valid Daily Return Obs.) | F4: =COUNT('Raw Data'!C2:C1206) -> 1204
A5: 46260 | B5: 880.83 | C5: =(B5-B6)/B6 -> 0.0047910749 | E5: Annualized Return (CAGR) | F5: =('Raw Data'!B2/'Raw Data'!B1206)^(F2/F4)-1 -> 0.15808744
A6: 46259 | B6: 876.63 | C6: =(B6-B7)/B7 -> 0.0026191184 | E6: Daily Std Dev of Returns | F6: =STDEV('Raw Data'!C2:C1206) -> 0.0086536098
A7: 46258 | B7: 874.34 | C7: =(B7-B8)/B8 -> 0.0018562655 | E7: Annualized Std Dev (Risk) | F7: =F6*SQRT(F2) -> 0.1373718
A8: 46255 | B8: 872.72 | C8: =(B8-B9)/B9 -> 0.0019632381 | E8: Beta (vs NIFTY500 TRI) | F8: =SLOPE('Raw Data'!C2:C1206, 'Raw Data'!I2:I1206) -> 0.91411262
A9: 46254 | B9: 871.01 | C9: =(B9-B10)/B10 -> 0.0052396505 | E9: Sharpe Ratio | F9: =(F5-F3)/F7 -> 0.64487356
A10: 46253 | B10: 866.47 | C10: =(B10-B11)/B11 -> -0.0058629156 | E10: Treynor Ratio | F10: =(F5-F3)/F8 -> 0.096910858
A11: 46252 | B11: 871.58 | C11: =(B11-B12)/B12 -> -0.0015579536 | E11: Jensen's Alpha | F11: =F5-(F3+F8*('NIFTY500 TRI'!F5-F3)) -> 0.04731174
A12: 46251 | B12: 872.94 | C12: =(B12-B13)/B13 -> 0.0025956723
A13: 46248 | B13: 870.68 | C13: =(B13-B14)/B14 -> -0.0041290647
A14: 46247 | B14: 874.29 | C14: =(B14-B15)/B15 -> -0.0023165054
A15: 46246 | B15: 876.32 | C15: =(B15-B16)/B16 -> 0.00053662157
A16: 46245 | B16: 875.85 | C16: =(B16-B17)/B17 -> -0.0032774572
A17: 46244 | B17: 878.73 | C17: =(B17-B18)/B18 -> 0.0027158099
A18: 46241 | B18: 876.35 | C18: =(B18-B19)/B19 -> 0.0013139854
A19: 46240 | B19: 875.2 | C19: =(B19-B20)/B20 -> -0.000491075
A20: 46239 | B20: 875.63 | C20: =(B20-B21)/B21 -> 0.0063093295
A21: 46238 | B21: 870.14 | C21: =(B21-B22)/B22 -> 0.00079360515
A22: 46237 | B22: 869.45 | C22: =(B22-B23)/B23 -> 0.013238705
A23: 46234 | B23: 858.09 | C23: =(B23-B24)/B24 -> 0.0078339715
... A1205: 44442 | B1205: 435.69 | C1205: =(B1205-B1206)/B1206 -> 0.0035702769
A1206: 44441 | B1206: 434.14 | C1206: -
A1208: Note: this sheet has been trimmed to the 1,205 trading dates common to all four data series (ICICI Prudential Multicap, Quant Active, Nippon India Multi Cap, NIFTY500 TRI). 11 dates present in the original data were removed because they were missing from one or more of the other series (differing data-vendor trading calendars, e.g. special Saturday sessions, and series start-date edge effects). The RETURNS column was recomputed on this trimmed, contiguous date list.

Sheet QUANT ACTIVE FUND
A1: Date | B1: Price | C1: RETURNS | E1: Fund Performance Metrics
A2: 46265 | B2: 663.674 | C2: =(B2-B3)/B3 -> -0.0072592431 | E2: Trading Days per Year | F2: =Assumptions!$B$5 -> 252
A3: 46262 | B3: 668.527 | C3: =(B3-B4)/B4 -> 0.00024088598 | E3: Risk-Free Rate (10Y G-Sec) | F3: =Assumptions!$B$4 -> 0.0695
A4: 46261 | B4: 668.366 | C4: =(B4-B5)/B5 -> 0.0064328243 | E4: N (Valid Daily Return Obs.) | F4: =COUNT('Raw Data'!E2:E1206) -> 1204
A5: 46260 | B5: 664.094 | C5: =(B5-B6)/B6 -> 7.5291113e-06 | E5: Annualized Return (CAGR) | F5: =('Raw Data'!D2/'Raw Data'!D1206)^(F2/F4)-1 -> 0.1180642
A6: 46259 | B6: 664.089 | C6: =(B6-B7)/B7 -> 0.0057032695 | E6: Daily Std Dev of Returns | F6: =STDEV('Raw Data'!E2:E1206) -> 0.011072787
A7: 46258 | B7: 660.323 | C7: =(B7-B8)/B8 -> -0.0015332576 | E7: Annualized Std Dev (Risk) | F7: =F6*SQRT(F2) -> 0.17577505
A8: 46255 | B8: 661.337 | C8: =(B8-B9)/B9 -> 0.0045493072 | E8: Beta (vs NIFTY500 TRI) | F8: =SLOPE('Raw Data'!E2:E1206, 'Raw Data'!I2:I1206) -> 1.0969279
A9: 46254 | B9: 658.342 | C9: =(B9-B10)/B10 -> 0.0024988541 | E9: Sharpe Ratio | F9: =(F5-F3)/F7 -> 0.27628608
A10: 46253 | B10: 656.701 | C10: =(B10-B11)/B11 -> -0.0041731556 | E10: Treynor Ratio | F10: =(F5-F3)/F8 -> 0.044272917
A11: 46252 | B11: 659.453 | C11: =(B11-B12)/B12 -> -0.0025757915 | E11: Jensen's Alpha | F11: =F5-(F3+F8*('NIFTY500 TRI'!F5-F3)) -> -0.00096631339
A12: 46251 | B12: 661.156 | C12: =(B12-B13)/B13 -> -0.0020693496
A13: 46248 | B13: 662.527 | C13: =(B13-B14)/B14 -> 0.00025061862
A14: 46247 | B14: 662.361 | C14: =(B14-B15)/B15 -> -0.004062773
A15: 46246 | B15: 665.063 | C15: =(B15-B16)/B16 -> -0.003425494
A16: 46245 | B16: 667.349 | C16: =(B16-B17)/B17 -> -0.0018442016
A17: 46244 | B17: 668.582 | C17: =(B17-B18)/B18 -> 0.00064506377
A18: 46241 | B18: 668.151 | C18: =(B18-B19)/B19 -> 0.0084065194
A19: 46240 | B19: 662.581 | C19: =(B19-B20)/B20 -> -0.0038682771
A20: 46239 | B20: 665.154 | C20: =(B20-B21)/B21 -> 0.0039363305
A21: 46238 | B21: 662.546 | C21: =(B21-B22)/B22 -> -0.0024015985
A22: 46237 | B22: 664.141 | C22: =(B22-B23)/B23 -> 0.010103453
A23: 46234 | B23: 657.498 | C23: =(B23-B24)/B24 -> 0.0011694304
... A1205: 44442 | B1205: 394.668 | C1205: =(B1205-B1206)/B1206 -> 0.013538917
A1206: 44441 | B1206: 389.396 | C1206: -
A1208: Note: this sheet has been trimmed to the 1,205 trading dates common to all four data series (ICICI Prudential Multicap, Quant Active, Nippon India Multi Cap, NIFTY500 TRI). 11 dates present in the original data were removed because they were missing from one or more of the other series (differing data-vendor trading calendars, e.g. special Saturday sessions, and series start-date edge effects). The RETURNS column was recomputed on this trimmed, contiguous date list.

Sheet NIFTY500 TRI
A1: Date | B1: Price | C1: RETURNS | E1: Benchmark Metrics
A2: 46265 | B2: 37712 | C2: =(B2-B3)/B3 -> -0.0033220835 | E2: Trading Days per Year | F2: =Assumptions!$B$5 -> 252
A3: 46262 | B3: 37837.7 | C3: =(B3-B4)/B4 -> 0.002002538 | E3: Risk-Free Rate (10Y G-Sec) | F3: =Assumptions!$B$4 -> 0.0695
A4: 46261 | B4: 37762.08 | C4: =(B4-B5)/B5 -> -0.0032469238 | E4: N (Valid Daily Return Obs.) | F4: =COUNT('Raw Data'!I2:I1206) -> 1204
A5: 46260 | B5: 37885.09 | C5: =(B5-B6)/B6 -> -0.0022194211 | E5: Annualized Return (CAGR) | F5: =('Raw Data'!H2/'Raw Data'!H1206)^(F2/F4)-1 -> 0.11465384
A6: 46259 | B6: 37969.36 | C6: =(B6-B7)/B7 -> 0.004250349 | E6: Daily Std Dev of Returns | F6: =STDEV('Raw Data'!I2:I1206) -> 0.0090612369
A7: 46258 | B7: 37808.66 | C7: =(B7-B8)/B8 -> -0.00077937214 | E7: Annualized Std Dev (Risk) | F7: =F6*SQRT(F2) -> 0.14384268
A8: 46255 | B8: 37838.15 | C8: =(B8-B9)/B9 -> 0.00077150984 | E8: Sharpe Ratio (Benchmark) | F8: =(F5-F3)/F7 -> 0.31391132
A9: 46254 | B9: 37808.98 | C9: =(B9-B10)/B10 -> 0.0054229419
A10: 46253 | B10: 37605.05 | C10: =(B10-B11)/B11 -> -0.0036671254
A11: 46252 | B11: 37743.46 | C11: =(B11-B12)/B12 -> -0.003895378
A12: 46251 | B12: 37891.06 | C12: =(B12-B13)/B13 -> -0.0012770328
A13: 46248 | B13: 37939.51 | C13: =(B13-B14)/B14 -> -0.0025947593
A14: 46247 | B14: 38038.21 | C14: =(B14-B15)/B15 -> -0.00055150923
A15: 46246 | B15: 38059.2 | C15: =(B15-B16)/B16 -> -0.00035563503
A16: 46245 | B16: 38072.74 | C16: =(B16-B17)/B17 -> -0.0025940643
A17: 46244 | B17: 38171.76 | C17: =(B17-B18)/B18 -> 0.0013220934
A18: 46241 | B18: 38121.36 | C18: =(B18-B19)/B19 -> -0.00055214116
A19: 46240 | B19: 38142.42 | C19: =(B19-B20)/B20 -> -0.00025529354
A20: 46239 | B20: 38152.16 | C20: =(B20-B21)/B21 -> 0.0019507389
... A1205: 44442 | B1205: 22566.65 | C1205: =(B1205-B1206)/B1206 -> 0.0051064493
A1206: 44441 | B1206: 22452 | C1206: -
A1208: Note: this sheet has been trimmed to the 1,205 trading dates common to all four data series (ICICI Prudential Multicap, Quant Active, Nippon India Multi Cap, NIFTY500 TRI). 11 dates present in the original data were removed because they were missing from one or more of the other series (differing data-vendor trading calendars, e.g. special Saturday sessions, and series start-date edge effects). The RETURNS column was recomputed on this trimmed, contiguous date list.

Sheet NIPPON INDIA 
A1: Date | B1: Price | C1: RETURNS | E1: Fund Performance Metrics
A2: 46265 | B2: 304.304 | C2: =(B2-B3)/B3 -> 0.00054580486 | E2: Trading Days per Year | F2: =Assumptions!$B$5 -> 252
A3: 46262 | B3: 304.138 | C3: =(B3-B4)/B4 -> -0.00096573291 | E3: Risk-Free Rate (10Y G-Sec) | F3: =Assumptions!$B$4 -> 0.0695
A4: 46261 | B4: 304.432 | C4: =(B4-B5)/B5 -> -0.0041087645 | E4: N (Valid Daily Return Obs.) | F4: =COUNT('Raw Data'!G2:G1206) -> 1204
A5: 46260 | B5: 305.688 | C5: =(B5-B6)/B6 -> -0.00091839369 | E5: Annualized Return (CAGR) | F5: =('Raw Data'!F2/'Raw Data'!F1206)^(F2/F4)-1 -> 0.17800097
A6: 46259 | B6: 305.969 | C6: =(B6-B7)/B7 -> 0.001807365 | E6: Daily Std Dev of Returns | F6: =STDEV('Raw Data'!G2:G1206) -> 0.0092836853
A7: 46258 | B7: 305.417 | C7: =(B7-B8)/B8 -> -0.00093554856 | E7: Annualized Std Dev (Risk) | F7: =F6*SQRT(F2) -> 0.14737393
A8: 46255 | B8: 305.703 | C8: =(B8-B9)/B9 -> 0.0020059589 | E8: Beta (vs NIFTY500 TRI) | F8: =SLOPE('Raw Data'!G2:G1206, 'Raw Data'!I2:I1206) -> 0.97180578
A9: 46254 | B9: 305.091 | C9: =(B9-B10)/B10 -> 0.0062500825 | E9: Sharpe Ratio | F9: =(F5-F3)/F7 -> 0.73622902
A10: 46253 | B10: 303.196 | C10: =(B10-B11)/B11 -> -0.0046550717 | E10: Treynor Ratio | F10: =(F5-F3)/F8 -> 0.11164882
A11: 46252 | B11: 304.614 | C11: =(B11-B12)/B12 -> -0.0046595216 | E11: Jensen's Alpha | F11: =F5-(F3+F8*('NIFTY500 TRI'!F5-F3)) -> 0.064620201
A12: 46251 | B12: 306.04 | C12: =(B12-B13)/B13 -> -0.0018329952
A13: 46248 | B13: 306.602 | C13: =(B13-B14)/B14 -> -0.0029592341
A14: 46247 | B14: 307.512 | C14: =(B14-B15)/B15 -> -0.0022290793
A15: 46246 | B15: 308.199 | C15: =(B15-B16)/B16 -> 0.00015901347
A16: 46245 | B16: 308.15 | C16: =(B16-B17)/B17 -> 0.00020448769
A17: 46244 | B17: 308.087 | C17: =(B17-B18)/B18 -> 0.0016646346
A18: 46241 | B18: 307.575 | C18: =(B18-B19)/B19 -> -0.00049719233
A19: 46240 | B19: 307.728 | C19: =(B19-B20)/B20 -> -0.0025347639
A20: 46239 | B20: 308.51 | C20: =(B20-B21)/B21 -> 0.0029551269
A21: 46238 | B21: 307.601 | C21: =(B21-B22)/B22 -> -0.0020568722
A22: 46237 | B22: 308.235 | C22: =(B22-B23)/B23 -> 0.017253727
A23: 46234 | B23: 303.007 | C23: =(B23-B24)/B24 -> 0.0020304703
... A1205: 44442 | B1205: 140.18 | C1205: =(B1205-B1206)/B1206 -> 0.0076193214
A1206: 44441 | B1206: 139.12 | C1206: -
A1208: Note: this sheet has been trimmed to the 1,205 trading dates common to all four data series (ICICI Prudential Multicap, Quant Active, Nippon India Multi Cap, NIFTY500 TRI). 11 dates present in the original data were removed because they were missing from one or more of the other series (differing data-vendor trading calendars, e.g. special Saturday sessions, and series start-date edge effects). The RETURNS column was recomputed on this trimmed, contiguous date list.
